{
  "project_info": {
    "project_number": "315357415431",
    "project_id": "swifty-f7826",
    "storage_bucket": "swifty-f7826.appspot.com"
  },
  "client": [
    {
      "client_info": {
        "mobilesdk_app_id": "1:315357415431:android:9002e6d5ce185aee5782a2",
        "android_client_info": {
          "package_name": "com.learningis4fun.swifty"
        }
      },
      "oauth_client": [
        {
          "client_id": "315357415431-dq67srtg1ni3o4kg6n5bnmdd28piegf9.apps.googleusercontent.com",
          "client_type": 3
        }
      ],
      "api_key": [
        {
          "current_key": "AIzaSyALDZYdhp4KHc1oUfcNLsc_u8pUgV3V39s"
        }
      ],
      "services": {
        "appinvite_service": {
          "other_platform_oauth_client": [
            {
              "client_id": "315357415431-dq67srtg1ni3o4kg6n5bnmdd28piegf9.apps.googleusercontent.com",
              "client_type": 3
            }
          ]
        }
      }
    }
  ],
  "configuration_version": "1"
}